{"meshTopology":4,"num_points":47892,"num_cells":160,"num_cell_indices":48050,"scalarArrayNames":["AngularVelocity","IntegrationTime","RTData","Radius","Rotation","XAxis","YAxis","ZAxis"],"vectorArrayNames":["Inward","Normals","RTDataGradient","Up","Vorticity"],"bounds":{"m_Center":{"x":-5.128484725952148,"y":-0.00007963180541992188,"z":4.155054569244385},"m_Extent":{"x":4.870151519775391,"y":9.999191284179688,"z":5.8016533851623539}},"dimensions":[0,0,0],"scalarMaxes":[0.22038210928440095,853.7744750976563,275.8234558105469,222.44692993164063,1.465112566947937,-0.2583329379558563,9.999112129211426,1.6465991735458375],"scalarMins":[-0.14702607691287995,-0.7293264269828796,70.33422088623047,1.1879737377166749,-2.190735101699829,-9.998636245727539,-9.999271392822266,-9.956707954406739]}