{"meshTopology":4,"num_points":53101,"num_cells":110,"num_cell_indices":53211,"scalarArrayNames":["AngularVelocity","IntegrationTime","RTData","Radius","Rotation","XAxis","YAxis","ZAxis"],"vectorArrayNames":["Inward","Normals","RTDataGradient","Up","Vorticity"],"bounds":{"m_Center":{"x":3.196580410003662,"y":2.6173911094665529,"z":-2.9950404167175295},"m_Extent":{"x":6.797398090362549,"y":7.3617987632751469,"z":6.761398792266846}},"dimensions":[0,0,0],"scalarMaxes":[0.23005452752113343,925.1080322265625,275.8128967285156,239.2713623046875,0.4214607775211334,9.993978500366211,9.9791898727417,9.756439208984375],"scalarMins":[-0.09755617380142212,0.0,65.68086242675781,0.3215108811855316,-0.2788947522640228,-3.6008174419403078,-4.744407653808594,-3.7663583755493166]}